_id|_labels|CENTROID|CFS_AREA|DESCRIPTION|FULL_GEOID|INTPTLAT|INTPTLON|MA|NAME|STATE|STUSPS|_start|_end|_type
0|:MetroArea|{"crs":"wgs-84","latitude":38.18624588251113,"longitude":-120.45222850371418,"height":null}|06-99999|Remainder of California, California|E330000US0699999999|+39.5769252|-120.5219926|99999|California|06|CA|||
1|:MetroArea|{"crs":"wgs-84","latitude":40.693663339154774,"longitude":-112.56131875230352,"height":null}|49-482|Salt Lake City-Provo-Orem, UT CFS Area; Utah|E330000US4948200000|+41.0375594|-112.2019434|482|Utah|49|UT|||
2|:MetroArea|{"crs":"wgs-84","latitude":34.46886218112221,"longitude":-116.64643790419791,"height":null}|06-348|Los Angeles-Long Beach, CA CFS Area; California|E330000US0634800000|+34.3587415|-119.1331432|348|California|06|CA|||
3|:MetroArea|{"crs":"wgs-84","latitude":36.879993452562346,"longitude":-119.67934045858435,"height":null}|06-260|Fresno-Madera, CA CFS Area; California|E330000US0626000000|+36.7610058|-119.6550193|260|California|06|CA|||
4|:MetroArea|{"crs":"wgs-84","latitude":34.671412161371684,"longitude":-82.29318289569409,"height":null}|45-273|Greenville-Spartanburg-Anderson, SC CFS Area; South Carolina|E330000US4527300000|+34.1557959|-082.1278759|273|South Carolina|45|SC|||
5|:MetroArea|{"crs":"wgs-84","latitude":30.262609025602675,"longitude":-97.65444655424439,"height":null}|48-12420|Austin-Round Rock, TX CFS Area; Texas|E330000US4899912420|+29.8323986|-097.6281410|12420|Texas|48|TX|||
6|:MetroArea|{"crs":"wgs-84","latitude":38.683297178832404,"longitude":-75.33954164751324,"height":null}|10-99999|Remainder of Delaware, Delaware|E330000US1099999999|+38.6732275|-075.3370237|99999|Delaware|10|DE|||
7|:MetroArea|{"crs":"wgs-84","latitude":41.46905770262641,"longitude":-73.1725876549543,"height":null}|09-408|New York-Newark, NY-NJ-CT-PA CFS Area (CT Part); Connecticut|E330000US0940800000|+41.3497173|-072.9002037|408|Connecticut|09|CT|||
8|:MetroArea|{"crs":"wgs-84","latitude":41.73262858054332,"longitude":-88.28154848372742,"height":null}|17-176|Chicago-Naperville, IL-IN-WI CFS Area (IL Part); Illinois|E330000US1717600000|+41.4013043|-089.5283772|176|Illinois|17|IL|||
9|:MetroArea|{"crs":"wgs-84","latitude":46.51693107847127,"longitude":-94.27036833913596,"height":null}|27-99999|Remainder of Minnesota, Minnesota|E330000US2799999999|+43.6791869|-092.0939369|99999|Minnesota|27|MN|||
10|:MetroArea|{"crs":"wgs-84","latitude":45.251715848544414,"longitude":-85.8983973238123,"height":null}|26-99999|Remainder of Michigan, Michigan|E330000US2699999999|+45.5382374|-087.4929489|99999|Michigan|26|MI|||
11|:MetroArea|{"crs":"wgs-84","latitude":32.882507882940395,"longitude":-96.8650974676032,"height":null}|48-206|Dallas-Fort Worth, TX-OK CFS Area (TX Part); Texas|E330000US4820600000|+33.5911611|-096.1049882|206|Texas|48|TX|||
12|:MetroArea|{"crs":"wgs-84","latitude":37.76121700243486,"longitude":-122.00855430157795,"height":null}|06-488|San Jose-San Francisco-Oakland, CA CFS Area; California|E330000US0648800000|+38.5251824|-122.9261095|488|California|06|CA|||
13|:MetroArea|{"crs":"wgs-84","latitude":47.478043064010265,"longitude":-120.09125695881981,"height":null}|53-99999|Remainder of Washington, Washington|E330000US5399999999|+46.2946377|-123.4244583|99999|Washington|53|WA|||
14|:MetroArea|{"crs":"wgs-84","latitude":35.38604034915484,"longitude":-80.81291672131417,"height":null}|37-172|Charlotte-Concord, NC-SC CFS Area (NC Part); North Carolina|E330000US3717200000|+35.4884913|-081.2268916|172|North Carolina|37|NC|||
15|:MetroArea|{"crs":"wgs-84","latitude":39.52408270484373,"longitude":-74.90540794493711,"height":null}|34-428|Philadelphia-Reading-Camden, PA-NJ-DE-MD CFS Area (NJ Part); New Jersey|E330000US3442800000|+39.8023521|-074.9612507|428|New Jersey|34|NJ|||
16|:MetroArea|{"crs":"wgs-84","latitude":42.75719733180928,"longitude":-78.74105459503141,"height":null}|36-160|Buffalo-Cheektowaga, NY CFS Area; New York|E330000US3616000000|+42.7527590|-078.7781922|160|New York|36|NY|||
17|:MetroArea|{"crs":"wgs-84","latitude":41.613684458543325,"longitude":-72.0583765605714,"height":null}|09-99999|Remainder of Connecticut, Connecticut|E330000US0999999999|+41.4726517|-072.1086339|99999|Connecticut|09|CT|||
18|:MetroArea|{"crs":"wgs-84","latitude":35.95688536561265,"longitude":-86.76276903034223,"height":null}|47-400|Nashville-Davidson-Murfreesboro, TN CFS Area; Tennessee|E330000US4740000000|+35.8433688|-086.4172127|400|Tennessee|47|TN|||
19|:MetroArea|{"crs":"wgs-84","latitude":23.71863763017312,"longitude":-164.73674157280357,"height":null}|15-46520|Urban Honolulu, HI CFS Area; Hawaii|E330000US1599946520|+21.4613654|-158.2019740|46520|Hawaii|15|HI|||
20|:MetroArea|{"crs":"wgs-84","latitude":35.86017477865131,"longitude":-78.75879575798764,"height":null}|37-450|Raleigh-Durham-Chapel Hill, NC CFS Area; North Carolina|E330000US3745000000|+35.7049939|-079.2514542|450|North Carolina|37|NC|||
21|:MetroArea|{"crs":"wgs-84","latitude":32.80456591304329,"longitude":-86.79257359850203,"height":null}|01-99999|Remainder of Alabama, Alabama|E330000US0199999999|+33.2703999|-085.8635254|99999|Alabama|01|AL|||
22|:MetroArea|{"crs":"wgs-84","latitude":41.25611076245373,"longitude":-73.5534899561201,"height":null}|36-408|New York-Newark, NY-NJ-CT-PA CFS Area (NY Part); New York|E330000US3640800000|+41.9472124|-074.2654582|408|New York|36|NY|||
23|:MetroArea|{"crs":"wgs-84","latitude":38.54066407051089,"longitude":-90.77636430160548,"height":null}|29-476|St. Louis-St. Charles-Farmington, MO-IL CFS Area (MO Part); Missouri|E330000US2947600000|+38.4083125|-091.0734098|476|Missouri|29|MO|||
24|:MetroArea|{"crs":"wgs-84","latitude":30.03578585083834,"longitude":-93.17731733972106,"height":null}|22-324|Lake Charles-Jennings, LA CFS Area; Louisiana|E330000US2232400000|+30.2295588|-093.3580154|324|Louisiana|22|LA|||
25|:MetroArea|{"crs":"wgs-84","latitude":44.79611424296625,"longitude":-89.90038458339228,"height":null}|55-99999|Remainder of Wisconsin, Wisconsin|E330000US5599999999|+43.4279976|-089.9433290|99999|Wisconsin|55|WI|||
26|:MetroArea|{"crs":"wgs-84","latitude":41.718127720760265,"longitude":-72.57266322679392,"height":null}|09-25540|Hartford-West Hartford-East Hartford, CT  CFS Area|E330000US0927825540|+41.4330028|-072.5227802|25540|Connecticut|09|CT|||
27|:MetroArea|{"crs":"wgs-84","latitude":36.987433248655485,"longitude":-76.41385797354116,"height":null}|51-545|Virginia Beach-Norfolk, VA-NC CFS Area (VA Part); Virginia|E330000US5154500000|+37.1283599|-076.3035337|545|Virginia|51|VA|||
28|:MetroArea|{"crs":"wgs-84","latitude":33.73601072682931,"longitude":-84.3083014500991,"height":null}|13-122|Atlanta-Athens-Clarke County-Sandy Springs, GA CFS Area; Georgia|E330000US1312200000|+33.0744605|-084.1467208|122|Georgia|13|GA|||
29|:MetroArea|{"crs":"wgs-84","latitude":42.07464832675412,"longitude":-93.50009011606801,"height":null}|19-99999|Remainder of Iowa, Iowa|E330000US1999999999|+40.7363787|-093.7845799|99999|Iowa|19|IA|||
30|:MetroArea|{"crs":"wgs-84","latitude":41.39315556292993,"longitude":-81.54983452564173,"height":null}|39-184|Cleveland-Akron-Canton, OH CFS Area; Ohio|E330000US3918400000|+41.9241163|-081.3926429|184|Ohio|39|OH|||
31|:MetroArea|{"crs":"wgs-84","latitude":43.1590617657517,"longitude":-71.44894123711948,"height":null}|33-148|Boston-Worcester-Providence, MA-RI-NH-CT CFS Area (NH Part); New Hampshire|E330000US3314800000|+43.2995786|-071.6800412|148|New Hampshire|33|NH|||
32|:MetroArea|{"crs":"wgs-84","latitude":40.20836176670185,"longitude":-75.55772594814464,"height":null}|42-428|Philadelphia-Reading-Camden, PA-NJ-DE-MD CFS Area (PA Part); Pennsylvania|E330000US4242800000|+40.0093755|-075.1333459|428|Pennsylvania|42|PA|||
33|:MetroArea|{"crs":"wgs-84","latitude":32.712892273199785,"longitude":-89.65335940955671,"height":null}|28-99999|Remainder of Mississippi, Mississippi|E330000US2899999999|+32.0169894|-089.1194302|99999|Mississippi|28|MS|||
34|:MetroArea|{"crs":"wgs-84","latitude":39.65448208753233,"longitude":-86.07148019325177,"height":null}|18-294|Indianapolis-Carmel-Muncie, IN CFS Area; Indiana|E330000US1829400000|+40.0536499|-086.0217262|294|Indiana|18|IN|||
35|:MetroArea|{"crs":"wgs-84","latitude":39.23456847683088,"longitude":-84.18399953197115,"height":null}|39-178|Cincinnati-Wilmington-Maysville, OH-KY-IN CFS Area (OH Part); Ohio|E330000US3917800000|+39.4397469|-084.5657341|178|Ohio|39|OH|||
36|:MetroArea|{"crs":"wgs-84","latitude":38.8977674374008,"longitude":-95.04914100894669,"height":null}|20-312|Kansas City-Overland Park-Kansas City, MO-KS CFS Area (KS Part); Kansas|E330000US2031200000|+39.7885021|-095.1472253|312|Kansas|20|KS|||
37|:MetroArea|{"crs":"wgs-84","latitude":28.68568006772464,"longitude":-81.37332473111199,"height":null}|12-422|Orlando-Deltona-Daytona Beach, FL CFS Area; Florida|E330000US1242200000|+29.0577690|-081.1617920|422|Florida|12|FL|||
38|:MetroArea|{"crs":"wgs-84","latitude":40.37653436837423,"longitude":-82.78725899652606,"height":null}|39-99999|Remainder of Ohio, Ohio|E330000US3999999999|+41.0004711|-083.6660335|99999|Ohio|39|OH|||
39|:MetroArea|{"crs":"wgs-84","latitude":39.90276213501828,"longitude":-89.27306555197475,"height":null}|17-99999|Remainder of Illinois, Illinois|E330000US1799999999|+40.4057924|-091.1679875|99999|Illinois|17|IL|||
40|:MetroArea|{"crs":"wgs-84","latitude":35.819483018525844,"longitude":-86.44721480774969,"height":null}|47-99999|Remainder of Tennessee, Tennessee|E330000US4799999999|+35.1607616|-085.1977114|99999|Tennessee|47|TN|||
41|:MetroArea|{"crs":"wgs-84","latitude":35.41920301388205,"longitude":-78.8796273780312,"height":null}|37-99999|Remainder of North Carolina, North Carolina|E330000US3799999999|+34.6392096|-079.1008811|99999|North Carolina|37|NC|||
42|:MetroArea|{"crs":"wgs-84","latitude":29.750317589844133,"longitude":-95.54005990214185,"height":null}|48-288|Houston-The Woodlands, TX CFS Area; Texas|E330000US4828800000|+29.5266017|-095.7710149|288|Texas|48|TX|||
43|:MetroArea|{"crs":"wgs-84","latitude":47.49304002801325,"longitude":-122.17326057957945,"height":null}|53-500|Seattle-Tacoma, WA CFS Area; Washington|E330000US5350000000|+46.5800714|-122.3774443|500|Washington|53|WA|||
44|:MetroArea|{"crs":"wgs-84","latitude":30.571050048180474,"longitude":-91.13278403168285,"height":null}|22-12940|Baton Rouge, LA CFS Area; Louisiana|E330000US2299912940|+30.8397837|-091.0434338|12940|Louisiana|22|LA|||
45|:MetroArea|{"crs":"wgs-84","latitude":42.9563929496122,"longitude":-73.89980787676723,"height":null}|36-104|Albany-Schenectady, NY CFS Area; New York|E330000US3610400000|+43.1061353|-073.8553872|104|New York|36|NY|||
46|:MetroArea|{"crs":"wgs-84","latitude":34.72879522825421,"longitude":-111.59742562057907,"height":null}|04-99999|Remainder of Arizona, Arizona|E330000US0499999999|+32.7739424|-113.9109050|99999|Arizona|04|AZ|||
47|:MetroArea|{"crs":"wgs-84","latitude":45.01647151097185,"longitude":-122.7499616232039,"height":null}|41-440|Portland-Vancouver-Salem, OR-WA CFS Area (OR Part); Oregon|E330000US4144000000|+45.1604934|-122.1951274|440|Oregon|41|OR|||
48|:MetroArea|{"crs":"wgs-84","latitude":35.4021628599311,"longitude":-97.4349026666832,"height":null}|40-416|Oklahoma City-Shawnee, OK CFS Area; Oklahoma|E330000US4041600000|+35.5434100|-097.9798435|416|Oklahoma|40|OK|||
49|:MetroArea|{"crs":"wgs-84","latitude":34.89977268149732,"longitude":-92.43923724803886,"height":null}|05-99999|Remainder of Arkansas, Arkansas|E330000US0599999999|+35.8570169|-092.1405080|99999|Arkansas|05|AR|||
50|:MetroArea|{"crs":"wgs-84","latitude":31.731233739187722,"longitude":-99.78879992005355,"height":null}|48-99999|Remainder of Texas, Texas|E330000US4899999999|+30.8843921|-099.8539616|99999|Texas|48|TX|||
51|:MetroArea|{"crs":"wgs-84","latitude":28.7029767386201,"longitude":-83.12784531415367,"height":null}|12-99999|Remainder of Florida, Florida|E330000US1299999999|+30.1403575|-084.3751122|99999|Florida|12|FL|||
52|:MetroArea|{"crs":"wgs-84","latitude":39.664936359783,"longitude":-86.39915861666456,"height":null}|18-99999|Remainder of Indiana, Indiana|E330000US1899999999|+38.9405270|-084.9642994|99999|Indiana|18|IN|||
53|:MetroArea|{"crs":"wgs-84","latitude":41.59463889985864,"longitude":-71.52472355371209,"height":null}|44-148|Boston-Worcester-Providence, MA-RI-NH-CT CFS Area (RI Part); Rhode Island|E330000US4414800000|+41.4009815|-071.6175979|148|Rhode Island|44|RI|||
54|:MetroArea|{"crs":"wgs-84","latitude":35.264287600583785,"longitude":-89.68980154682286,"height":null}|47-368|Memphis-Forrest City, TN-MS-AR CFS Area (TN Part); Tennessee|E330000US4736800000|+35.1837942|-089.8953970|368|Tennessee|47|TN|||
55|:MetroArea|{"crs":"wgs-84","latitude":41.02772173764917,"longitude":-77.84231300372443,"height":null}|42-99999|Remainder of Pennsylvania, Pennsylvania|E330000US4299999999|+41.5133040|-079.2497050|99999|Pennsylvania|42|PA|||
56|:MetroArea|{"crs":"wgs-84","latitude":38.91070523088615,"longitude":-121.05468360198165,"height":null}|06-472|Sacramento-Roseville, CA CFS Area; California|E330000US0647200000|+38.4500161|-121.3404408|472|California|06|CA|||
57|:MetroArea|{"crs":"wgs-84","latitude":40.54100614870196,"longitude":-74.47199360283219,"height":null}|34-408|New York-Newark, NY-NJ-CT-PA CFS Area (NJ Part); New Jersey|E330000US3440800000|+41.1374609|-074.6919141|408|New Jersey|34|NJ|||
58|:MetroArea|{"crs":"wgs-84","latitude":47.033421105645346,"longitude":-109.6452069259742,"height":null}|30-99999|Remainder of Montana, Montana|E330000US3099999999|+46.5052807|-108.4397631|99999|Montana|30|MT|||
59|:MetroArea|{"crs":"wgs-84","latitude":43.82446252570015,"longitude":-120.374069247487,"height":null}|41-99999|Remainder of Oregon, Oregon|E330000US4199999999|+45.5937530|-117.1855796|99999|Oregon|41|OR|||
60|:MetroArea|{"crs":"wgs-84","latitude":38.78516109834647,"longitude":-76.60413027505926,"height":null}|24-99999|Remainder of Maryland, Maryland|E330000US2499999999|+38.2221332|-075.3099315|99999|Maryland|24|MD|||
61|:MetroArea|{"crs":"wgs-84","latitude":26.536952965643867,"longitude":-80.50747819739577,"height":null}|12-370|Miami-Fort Lauderdale-Port St. Lucie, FL CFS Area; Florida|E330000US1237000000|+26.1935353|-080.4766834|370|Florida|12|FL|||
62|:MetroArea|{"crs":"wgs-84","latitude":39.91806836112851,"longitude":-116.84308958964336,"height":null}|32-99999|Remainder of Nevada, Nevada|E330000US3299999999|+39.5377100|-118.2641654|99999|Nevada|32|NV|||
63|:MetroArea|{"crs":"wgs-84","latitude":40.00740608112901,"longitude":-84.14462548419728,"height":null}|39-212|Dayton-Springfield-Sidney, OH CFS Area; Ohio|E330000US3921200000|+40.1327753|-083.7676037|212|Ohio|39|OH|||
64|:MetroArea|{"crs":"wgs-84","latitude":33.42022725559913,"longitude":-86.62142653051761,"height":null}|01-142|Birmingham-Hoover-Talladega, AL CFS Area; Alabama|E330000US0114200000|+33.9773575|-086.5664400|142|Alabama|01|AL|||
65|:MetroArea|{"crs":"wgs-84","latitude":33.028203198958366,"longitude":-116.77020744456784,"height":null}|06-41740|San Diego-Carlsbad, CA CFS Area; California|E330000US0699941740|+33.0236041|-116.7761174|41740|California|06|CA|||
66|:MetroArea|{"crs":"wgs-84","latitude":45.082711537974646,"longitude":-93.6542098793729,"height":null}|27-378|Minneapolis-St. Paul, MN-WI CFS Area (MN Part); Minnesota|E330000US2737800000|+45.9290434|-093.6329964|378|Minnesota|27|MN|||
67|:MetroArea|{"crs":"wgs-84","latitude":29.428763998763152,"longitude":-98.60226373470465,"height":null}|48-41700|San Antonio-New Braunfels, TX CFS Area; Texas|E330000US4899941700|+29.7563890|-099.2482849|41700|Texas|48|TX|||
68|:MetroArea|{"crs":"wgs-84","latitude":33.01650936248984,"longitude":-80.01058633198849,"height":null}|45-16700|Charleston-North Charleston, SC CFS Area; South Carolina|E330000US4599916700|+33.0821859|-080.4046966|16700|South Carolina|45|SC|||
69|:MetroArea|{"crs":"wgs-84","latitude":36.01086145274477,"longitude":-83.90851669908889,"height":null}|47-314|Knoxville-Morristown-Sevierville, TN CFS Area; Tennessee|E330000US4731400000|+36.1386970|-084.6392616|314|Tennessee|47|TN|||
70|:MetroArea|{"crs":"wgs-84","latitude":33.18571171701539,"longitude":-112.0705047774323,"height":null}|04-38060|Phoenix-Mesa-Scottsdale, AZ CFS Area; Arizona|E330000US0499938060|+32.9185385|-111.3663874|38060|Arizona|04|AZ|||
71|:MetroArea|{"crs":"wgs-84","latitude":47.44631079978634,"longitude":-100.46939254744275,"height":null}|38-99999|Remainder of North Dakota, North Dakota|E330000US3899999999|+48.3769789|-097.7222304|99999|North Dakota|38|ND|||
72|:MetroArea|{"crs":"wgs-84","latitude":42.99520259867258,"longitude":-85.96056265781228,"height":null}|26-266|Grand Rapids-Wyoming-Muskegon, MI CFS Area; Michigan|E330000US2626600000|+42.9424607|-086.6549462|266|Michigan|26|MI|||
73|:MetroArea|{"crs":"wgs-84","latitude":30.12036001546291,"longitude":-81.75509891152416,"height":null}|12-300|Jacksonville-St. Marys-Palatka, FL-GA CFS Area (FL Part); Florida|E330000US1230000000|+29.8906441|-081.3839483|300|Florida|12|FL|||
74|:MetroArea|{"crs":"wgs-84","latitude":38.723536440430564,"longitude":-111.29132501737533,"height":null}|49-99999|Remainder of Utah, Utah|E330000US4999999999|+41.6275976|-111.2402269|99999|Utah|49|UT|||
75|:MetroArea|{"crs":"wgs-84","latitude":38.76568492954008,"longitude":-84.39537679274518,"height":null}|21-178|Cincinnati-Wilmington-Maysville, OH-KY-IN CFS Area (KY Part); Kentucky|E330000US2117800000|+38.7601027|-084.8621525|178|Kentucky|21|KY|||
76|:MetroArea|{"crs":"wgs-84","latitude":38.927098716573326,"longitude":-77.0537015798004,"height":null}|24-47900|Washington-Arlington-Alexandria, DC-VA-MD-WV CFS Area (MD Part); Maryland|E330000US2454847900|+38.5226111|-076.5294935|47900|Maryland|24|MD|||
77|:MetroArea|{"crs":"wgs-84","latitude":42.16595288997961,"longitude":-71.07617003204302,"height":null}|25-148|Boston-Worcester-Providence, MA-RI-NH-CT CFS Area (MA Part); Massachusetts|E330000US2514800000|+42.3385513|-071.0182530|148|Massachusetts|25|MA|||
78|:MetroArea|{"crs":"wgs-84","latitude":41.11786164030576,"longitude":-85.19941141365682,"height":null}|18-258|Fort Wayne-Huntington-Auburn, IN CFS Area; Indiana|E330000US1825800000|+41.6434670|-085.0024051|258|Indiana|18|IN|||
79|:MetroArea|{"crs":"wgs-84","latitude":37.423409434611486,"longitude":-79.18093485689775,"height":null}|51-99999|Remainder of Virginia, Virginia|E330000US5199999999|+37.2853329|-080.0552407|99999|Virginia|51|VA|||
80|:MetroArea|{"crs":"wgs-84","latitude":30.27784687409182,"longitude":-94.07182082107033,"height":null}|48-13140|Beaumont-Port Arthur, TX CFS Area; Texas|E330000US4899913140|+30.1223229|-093.8940999|13140|Texas|48|TX|||
81|:MetroArea|{"crs":"wgs-84","latitude":39.30554235537412,"longitude":-76.55100876569374,"height":null}|24-12580|Baltimore-Columbia-Towson, MD CFS Area; Maryland|E330000US2454812580|+39.3000324|-076.6104761|12580|Maryland|24|MD|||
82|:MetroArea|{"crs":"wgs-84","latitude":42.533575837434576,"longitude":-83.43650552002904,"height":null}|26-220|Detroit-Warren-Ann Arbor, MI CFS Area; Michigan|E330000US2622000000|+42.2846636|-083.2619533|220|Michigan|26|MI|||
83|:MetroArea|{"crs":"wgs-84","latitude":37.46178008147988,"longitude":-77.47303783438363,"height":null}|51-40060|Richmond, VA CFS Area; Virginia|E330000US5199940060|+37.7602149|-077.4913168|40060|Virginia|51|VA|||
84|:MetroArea|{"crs":"wgs-84","latitude":43.09803215820306,"longitude":-88.07963656907683,"height":null}|55-376|Milwaukee-Racine-Waukesha, WI CFS Area; Wisconsin|E330000US5537600000|+42.6681095|-088.5417306|376|Wisconsin|55|WI|||
85|:MetroArea|{"crs":"wgs-84","latitude":38.53947249484953,"longitude":-98.66692591772593,"height":null}|20-99999|Remainder of Kansas, Kansas|E330000US2099999999|+37.8793472|-096.2417321|99999|Kansas|20|KS|||
86|:MetroArea|{"crs":"wgs-84","latitude":63.6656181115446,"longitude":-151.4411407700289,"height":null}|02-99999|Remainder of Alaska, Alaska|E330000US0299999999|+55.4499378|-131.1066847|99999|Alaska|02|AK|||
87|:MetroArea|{"crs":"wgs-84","latitude":31.29080320221162,"longitude":-92.28691234661146,"height":null}|22-99999|Remainder of Louisiana, Louisiana|E330000US2299999999|+32.8293486|-092.3756501|99999|Louisiana|22|LA|||
88|:MetroArea|{"crs":"wgs-84","latitude":38.01718180574839,"longitude":-85.60799331793466,"height":null}|21-350|Louisville/Jefferson County-Elizabethtown-Madison, KY-IN CFS Area (KY Part); Kentucky|E330000US2135000000|+37.9699280|-085.7026414|350|Kentucky|21|KY|||
89|:MetroArea|{"crs":"wgs-84","latitude":34.421300996761985,"longitude":-106.1084438814342,"height":null}|35-99999|Remainder of New Mexico, New Mexico|E330000US3599999999|+34.3592729|-104.3686961|99999|New Mexico|35|NM|||
90|:MetroArea|{"crs":"wgs-84","latitude":41.32852968377997,"longitude":-87.12491498885694,"height":null}|18-176|Chicago-Naperville, IL-IN-WI CFS Area (IN Part); Indiana|E330000US1817600000|+41.0176883|-087.1188137|176|Indiana|18|IN|||
91|:MetroArea|{"crs":"wgs-84","latitude":35.511485062247424,"longitude":-97.75633543594901,"height":null}|40-99999|Remainder of Oklahoma, Oklahoma|E330000US4099999999|+35.8980428|-094.6510258|99999|Oklahoma|40|OK|||
92|:MetroArea|{"crs":"wgs-84","latitude":39.81678281107748,"longitude":-104.76575196452116,"height":null}|08-216|Denver-Aurora, CO CFS Area; Colorado|E330000US0821600000|+39.1189141|-105.7176479|216|Colorado|08|CO|||
93|:MetroArea|{"crs":"wgs-84","latitude":46.034388710705784,"longitude":-122.27583882507123,"height":null}|53-440|Portland-Vancouver-Salem, OR-WA CFS Area (WA Part); Washington|E330000US5344000000|+46.1967854|-122.6784596|440|Washington|53|WA|||
94|:MetroArea|{"crs":"wgs-84","latitude":37.416143465639934,"longitude":-85.30178058226437,"height":null}|21-99999|Remainder of Kentucky, Kentucky|E330000US2199999999|+36.7272577|-085.1360977|99999|Kentucky|21|KY|||
95|:MetroArea|{"crs":"wgs-84","latitude":42.9995378751162,"longitude":-107.55139517315554,"height":null}|56-99999|Remainder of Wyoming, Wyoming|E330000US5699999999|+42.2299932|-110.6829614|99999|Wyoming|56|WY|||
96|:MetroArea|{"crs":"wgs-84","latitude":43.2587113949856,"longitude":-75.63445288978912,"height":null}|36-99999|Remainder of New York, New York|E330000US3699999999|+42.2667252|-077.3855253|99999|New York|36|NY|||
97|:MetroArea|{"crs":"wgs-84","latitude":36.18027047600835,"longitude":-95.96974818678031,"height":null}|40-538|Tulsa-Muskogee-Bartlesville, OK CFS Area; Oklahoma|E330000US4053800000|+35.6175506|-095.3839106|538|Oklahoma|40|OK|||
98|:MetroArea|{"crs":"wgs-84","latitude":37.55432803654851,"longitude":-97.29592688120051,"height":null}|20-556|Wichita-Arkansas City-Winfield, KS CFS Area; Kansas|E330000US2055600000|+37.2345068|-096.8372468|556|Kansas|20|KS|||
99|:MetroArea|{"crs":"wgs-84","latitude":33.77894607531999,"longitude":-80.59020920630323,"height":null}|45-99999|Remainder of South Carolina, South Carolina|E330000US4599999999|+34.6893424|-081.1612488|99999|South Carolina|45|SC|||
100|:MetroArea|{"crs":"wgs-84","latitude":44.38905511804843,"longitude":-114.6594150607024,"height":null}|16-99999|Remainder of Idaho, Idaho|E330000US1699999999|+43.7969649|-112.3185879|99999|Idaho|16|ID|||
101|:MetroArea|{"crs":"wgs-84","latitude":28.125538832263146,"longitude":-82.46403940165516,"height":null}|12-45300|Tampa-St. Petersburg-Clearwater, FL CFS Area; Florida|E330000US1299945300|+28.5730426|-082.4662272|45300|Florida|12|FL|||
102|:MetroArea|{"crs":"wgs-84","latitude":31.51308270260307,"longitude":-105.54104670132979,"height":null}|48-238|El Paso-Las Cruces, TX-NM CFS Area (TX Part); Texas|E330000US4823800000|+31.4508678|-105.3775489|238|Texas|48|TX|||
103|:MetroArea|{"crs":"wgs-84","latitude":42.14898251729567,"longitude":-72.31508201502001,"height":null}|25-99999|Remainder of Massachusetts, Massachusetts|E330000US2599999999|+42.3394593|-072.6636936|99999|Massachusetts|25|MA|||
104|:MetroArea|{"crs":"wgs-84","latitude":45.27432853115197,"longitude":-69.20275986248804,"height":null}|23-99999|Remainder of Maine, Maine|E330000US2399999999|+44.1676811|-070.2074347|99999|Maine|23|ME|||
105|:MetroArea|{"crs":"wgs-84","latitude":43.987182843682476,"longitude":-71.64327250494938,"height":null}|33-99999|Remainder of New Hampshire, New Hampshire|E330000US3399999999|+43.9264394|-071.8424220|99999|New Hampshire|33|NH|||
106|:MetroArea|{"crs":"wgs-84","latitude":40.985570321660504,"longitude":-75.35880414750629,"height":null}|42-408|New York-Newark, NY-NJ-CT-PA CFS Area (PA Part); Pennsylvania|E330000US4240800000|+41.0562401|-075.3290651|408|Pennsylvania|42|PA|||
107|:MetroArea|{"crs":"wgs-84","latitude":38.64256703290078,"longitude":-80.61370688872734,"height":null}|54-99999|Remainder of West Virginia, West Virginia|E330000US5499999999|+38.3326060|-080.0101207|99999|West Virginia|54|WV|||
108|:MetroArea|{"crs":"wgs-84","latitude":39.151994381205306,"longitude":-94.27524649060874,"height":null}|29-312|Kansas City-Overland Park-Kansas City, MO-KS CFS Area (MO Part); Missouri|E330000US2931200000|+38.7415280|-093.8118634|312|Missouri|29|MO|||
109|:MetroArea|{"crs":"wgs-84","latitude":39.98258802067249,"longitude":-82.77116421051375,"height":null}|39-198|Columbus-Marion-Zanesville, OH CFS Area; Ohio|E330000US3919800000|+39.5552462|-083.4618927|198|Ohio|39|OH|||
110|:MetroArea|{"crs":"wgs-84","latitude":44.43613340579776,"longitude":-100.23045806123564,"height":null}|46-99999|Remainder of South Dakota, South Dakota|E330000US4699999999|+43.6674723|-096.7957261|99999|South Dakota|46|SD|||
111|:MetroArea|{"crs":"wgs-84","latitude":40.49711055237335,"longitude":-79.76401916791023,"height":null}|42-430|Pittsburgh-New Castle-Weirton, PA-OH-WV CFS Area (PA Part); Pennsylvania|E330000US4243000000|+40.6841401|-080.3507209|430|Pennsylvania|42|PA|||
112|:MetroArea|{"crs":"wgs-84","latitude":38.81259593126165,"longitude":-89.80922675685503,"height":null}|17-476|St. Louis-St. Charles-Farmington, MO-IL CFS Area (IL Part); Illinois|E330000US1747600000|+38.8859240|-089.4365916|476|Illinois|17|IL|||
113|:MetroArea|{"crs":"wgs-84","latitude":27.49378308376629,"longitude":-97.61467724381592,"height":null}|48-204|Corpus Christi-Kingsville-Alice, TX CFS Area; Texas|E330000US4820400000|+28.1042254|-096.9779830|204|Texas|48|TX|||
114|:MetroArea|{"crs":"wgs-84","latitude":41.27172710966523,"longitude":-96.38183370708592,"height":null}|31-420|Omaha-Council Bluffs-Fremont, NE-IA CFS Area (NE Part); Nebraska|E330000US3142000000|+40.9098778|-096.1406086|420|Nebraska|31|NE|||
115|:MetroArea|{"crs":"wgs-84","latitude":30.671800040924573,"longitude":-87.95034404855788,"height":null}|01-380|Mobile-Daphne-Fairhope, AL CFS Area; Alabama|E330000US0138000000|+30.6845725|-088.1965682|380|Alabama|01|AL|||
116|:MetroArea|{"crs":"wgs-84","latitude":41.5368749468074,"longitude":-99.94144728442745,"height":null}|31-99999|Remainder of Nebraska, Nebraska|E330000US3199999999|+41.9158651|-096.7885168|99999|Nebraska|31|NE|||
117|:MetroArea|{"crs":"wgs-84","latitude":38.70898572374253,"longitude":-77.71408171496829,"height":null}|51-47900|Washington-Arlington-Alexandria, DC-VA-MD-WV  CFS Area (VA Part)|E330000US5154847900|+38.4153998|-077.4548785|47900|Virginia|51|VA|||
118|:MetroArea|{"crs":"wgs-84","latitude":37.49069795505742,"longitude":-116.03160408955738,"height":null}|32-332|Las Vegas-Henderson, NV-AZ CFS Area (NV Part); Nevada|E330000US3233200000|+36.2142575|-115.0138120|332|Nevada|32|NV|||
119|:MetroArea|{"crs":"wgs-84","latitude":20.30834336310632,"longitude":-156.43897728208452,"height":null}|15-99999|Remainder of Hawaii, Hawaii|E330000US1599999999|+21.2187644|-156.9740097|99999|Hawaii|15|HI|||
120|:MetroArea|{"crs":"wgs-84","latitude":38.256834265054756,"longitude":-92.37932105483644,"height":null}|29-99999|Remainder of Missouri, Missouri|E330000US2999999999|+38.3864909|-093.7926278|99999|Missouri|29|MO|||
121|:MetroArea|{"crs":"wgs-84","latitude":38.878559879834754,"longitude":-105.66248784565384,"height":null}|08-99999|Remainder of Colorado, Colorado|E330000US0899999999|+38.0316514|-106.2346662|99999|Colorado|08|CO|||
122|:MetroArea|{"crs":"wgs-84","latitude":29.959099606421013,"longitude":-89.79554680988613,"height":null}|22-406|New Orleans-Metairie-Hammond, LA-MS CFS Area (LA Part); Louisiana|E330000US2240600000|+30.6215802|-090.4066329|406|Louisiana|22|LA|||
123|:MetroArea|{"crs":"wgs-84","latitude":32.37514739839301,"longitude":-83.32679868637767,"height":null}|13-99999|Remainder of Georgia, Georgia|E330000US1399999999|+33.4796231|-082.4787331|99999|Georgia|13|GA|||
124|:MetroArea|{"crs":"wgs-84","latitude":32.02990430257022,"longitude":-111.67851669293066,"height":null}|04-536|Tucson-Nogales, AZ CFS Area; Arizona|E330000US0453600000|+32.1285226|-111.7830267|536|Arizona|04|AZ|||
125|:MetroArea|{"crs":"wgs-84","latitude":39.281125204143756,"longitude":-75.55619249846166,"height":null}|10-428|Philadelphia-Reading-Camden, PA-NJ-DE-MD CFS Area (DE Part); Delaware|E330000US1042800000|+39.5759152|-075.6441324|428|Delaware|10|DE|||
126|:MetroArea|{"crs":"wgs-84","latitude":43.11382207124941,"longitude":-77.53200052708581,"height":null}|36-464|Rochester-Batavia-Seneca Falls, NY CFS Area; New York|E330000US3646400000|+42.8563575|-077.3034968|464|New York|36|NY|||
127|:MetroArea|{"crs":"wgs-84","latitude":36.089715575679925,"longitude":-80.07859636356523,"height":null}|37-268|Greensboro-Winston-Salem-High Point, NC CFS Area; North Carolina|E330000US3726800000|+36.0439535|-079.4005733|268|North Carolina|37|NC|||
128|:MetroArea|{"crs":"wgs-84","latitude":37.52658685492031,"longitude":-85.29053215133548,"height":null}|21-00000|Origin metro area suppressed|E330000US2100000000|+37.5336844||00000|Kentucky|21|KY|||
129|:MetroArea|{"crs":"wgs-84","latitude":44.07524823319095,"longitude":-72.6626303741438,"height":null}|50-99999|Remainder of Vermont, Vermont|E330000US5099999999|+44.8589643|-072.9094023|99999|Vermont|50|VT|||
130|:MetroArea|{"crs":"wgs-84","latitude":38.904773715953084,"longitude":-77.01630266917368,"height":null}|11-47900|Washington-Arlington-Alexandria, DC-VA-MD-WV CFS Area (DC Part); District of Columbia|E330000US1154847900|+38.9041031|-077.0172290|47900|District of Columbia|11|DC|||
131|:MetroArea|{"crs":"wgs-84","latitude":32.06934171937211,"longitude":-81.46332101868153,"height":null}|13-496|Savannah-Hinesville-Statesboro, GA CFS Area; Georgia|E330000US1349600000|+31.7495633|-081.7428697|496|Georgia|13|GA|||
132|:MetroArea|{"crs":"wgs-84","latitude":27.76106243009052,"longitude":-99.33156530383495,"height":null}|48-29700|Laredo, TX  CFS Area; Texas|E330000US4899929700|+27.7607987|-099.3407518|29700|Texas|48|TX|||
133|:MetroArea|{"crs":"wgs-84","latitude":37.21533085137688,"longitude":-119.66386995705909,"height":null}|06-00000|Origin metro area suppressed|E330000US0600000000|+37.1551773||00000|California|06|CA|||
134|:MetroArea|{"crs":"wgs-84","latitude":40.89670737605946,"longitude":-77.83893072180312,"height":null}|42-00000|Origin metro area suppressed|E330000US4200000000|+40.9046042||00000|Pennsylvania|42|PA|||
135|:MetroArea|{"crs":"wgs-84","latitude":31.447201379006813,"longitude":-99.31711802053486,"height":null}|48-00000|Origin metro area suppressed|E330000US4800000000|+31.4347032||00000|Texas|48|TX|||
136|:MetroArea|{"crs":"wgs-84","latitude":43.940451385702914,"longitude":-120.60525621928163,"height":null}|41-00000|Origin metro area suppressed|E330000US4100000000|+43.9717125||00000|Oregon|41|OR|||
137|:MetroArea|{"crs":"wgs-84","latitude":39.323768711388105,"longitude":-111.6782499541578,"height":null}|49-00000|Origin metro area suppressed|E330000US4900000000|+39.3349925||00000|Utah|49|UT|||
138|:MetroArea|{"crs":"wgs-84","latitude":35.84310742306507,"longitude":-86.34215110820995,"height":null}|47-00000|Origin metro area suppressed|E330000US4700000000|+35.8584600||00000|Tennessee|47|TN|||
139|:MetroArea|{"crs":"wgs-84","latitude":40.41547773596312,"longitude":-82.70937967451275,"height":null}|39-00000|Origin metro area suppressed|E330000US3900000000|+40.4149297||00000|Ohio|39|OH|||
140|:MetroArea|{"crs":"wgs-84","latitude":40.1242015067348,"longitude":-89.14863407336362,"height":null}|17-00000|Origin metro area suppressed|E330000US1700000000|+40.1028754||00000|Illinois|17|IL|||
141|:MetroArea|{"crs":"wgs-84","latitude":40.10999612085294,"longitude":-74.65594647677052,"height":null}|34-00000|Origin metro area suppressed|E330000US3400000000|+40.1072744||00000|New Jersey|34|NJ|||
142|:MetroArea|{"crs":"wgs-84","latitude":37.510871122692066,"longitude":-78.66635637618361,"height":null}|51-00000|Origin metro area suppressed|E330000US5100000000|+37.5222512||00000|Virginia|51|VA|||
143|:MetroArea|{"crs":"wgs-84","latitude":38.48472705254532,"longitude":-98.3801554490242,"height":null}|20-00000|Origin metro area suppressed|E330000US2000000000|+38.4985464||00000|Kansas|20|KS|||
144|:MetroArea|{"crs":"wgs-84","latitude":39.919810567543955,"longitude":-86.28184761535239,"height":null}|18-00000|Origin metro area suppressed|E330000US1800000000|+39.9013136||00000|Indiana|18|IN|||
145|:MetroArea|{"crs":"wgs-84","latitude":33.87774798518613,"longitude":-80.86458737797251,"height":null}|45-00000|Origin metro area suppressed|E330000US4500000000|+33.8741776||00000|South Carolina|45|SC|||
146|:MetroArea|{"crs":"wgs-84","latitude":47.411618689704646,"longitude":-120.59281847387317,"height":null}|53-00000|Origin metro area suppressed|E330000US5300000000|+47.4073238||00000|Washington|53|WA|||
147|:MetroArea|{"crs":"wgs-84","latitude":35.52603652926574,"longitude":-79.13088556586656,"height":null}|37-00000|Origin metro area suppressed|E330000US3700000000|+35.5397100||00000|North Carolina|37|NC|||
148|:MetroArea|{"crs":"wgs-84","latitude":38.99497483801806,"longitude":-75.4524925753767,"height":null}|10-00000|Origin metro area suppressed|E330000US1000000000|+38.9985661||00000|Delaware|10|DE|||
149|:MetroArea|{"crs":"wgs-84","latitude":46.34937232477811,"longitude":-94.19831451992727,"height":null}|27-00000|Origin metro area suppressed|E330000US2700000000|+46.3159573||00000|Minnesota|27|MN|||
150|:MetroArea|{"crs":"wgs-84","latitude":38.367638951021036,"longitude":-92.47741248653432,"height":null}|29-00000|Origin metro area suppressed|E330000US2900000000|+38.3507500||00000|Missouri|29|MO|||
151|:MetroArea|{"crs":"wgs-84","latitude":34.29314360596411,"longitude":-111.66444631623196,"height":null}|04-00000|Origin metro area suppressed|E330000US0400000000|+34.2039362||00000|Arizona|04|AZ|||
152|:MetroArea|{"crs":"wgs-84","latitude":32.756879931229705,"longitude":-86.84452098444565,"height":null}|01-00000|Origin metro area suppressed|E330000US0100000000|+32.7395785||00000|Alabama|01|AL|||
153|:MetroArea|{"crs":"wgs-84","latitude":42.92106221496553,"longitude":-75.59641833220189,"height":null}|36-00000|Origin metro area suppressed|E330000US3600000000|+42.9133974||00000|New York|36|NY|||
154|:MetroArea|{"crs":"wgs-84","latitude":32.63864183682659,"longitude":-83.42724626305049,"height":null}|13-00000|Origin metro area suppressed|E330000US1300000000|+32.6295789||00000|Georgia|13|GA|||
155|:MetroArea|{"crs":"wgs-84","latitude":44.87477488353861,"longitude":-85.73095556498173,"height":null}|26-00000|Origin metro area suppressed|E330000US2600000000|+44.8441768||00000|Michigan|26|MI|||
156|:MetroArea|{"crs":"wgs-84","latitude":38.94649395981202,"longitude":-76.68717733512871,"height":null}|24-00000|Origin metro area suppressed|E330000US2400000000|+38.9466584||00000|Maryland|24|MD|||
157|:MetroArea|{"crs":"wgs-84","latitude":44.639936103329994,"longitude":-89.7329466875379,"height":null}|55-00000|Origin metro area suppressed|E330000US5500000000|+44.6309071||00000|Wisconsin|55|WI|||
158|:MetroArea|{"crs":"wgs-84","latitude":41.5271511229566,"longitude":-99.81086332028686,"height":null}|31-00000|Origin metro area suppressed|E330000US3100000000|+41.5433053||00000|Nebraska|31|NE|||
159|:MetroArea|{"crs":"wgs-84","latitude":20.995107050022813,"longitude":-158.10997771524066,"height":null}|15-00000|Origin metro area suppressed|E330000US1500000000|+19.8281671||00000|Hawaii|15|HI|||
160|:MetroArea|{"crs":"wgs-84","latitude":28.42368639073475,"longitude":-82.54411004542992,"height":null}|12-00000|Origin metro area suppressed|E330000US1200000000|+28.3989775||00000|Florida|12|FL|||
161|:MetroArea|{"crs":"wgs-84","latitude":41.57516415037781,"longitude":-72.73825767197117,"height":null}|09-00000|Origin metro area suppressed|E330000US0900000000|+41.5798637||00000|Connecticut|09|CT|||
162|:MetroArea|{"crs":"wgs-84","latitude":39.35618474713665,"longitude":-116.65525035188143,"height":null}|32-00000|Origin metro area suppressed|E330000US3200000000|+39.3310928||00000|Nevada|32|NV|||
163|:MetroArea|{"crs":"wgs-84","latitude":30.909079786736342,"longitude":-91.81423619581811,"height":null}|22-00000|Origin metro area suppressed|E330000US2200000000|+30.8634368||00000|Louisiana|22|LA|||
164|:MetroArea|{"crs":"wgs-84","latitude":38.998532041891565,"longitude":-105.54782078656768,"height":null}|08-00000|Origin metro area suppressed|E330000US0800000000|+38.9937669||00000|Colorado|08|CO|||
165|:MetroArea|{"crs":"wgs-84","latitude":35.58346722525793,"longitude":-97.50823838005847,"height":null}|40-00000|Origin metro area suppressed|E330000US4000000000|+35.5900815||00000|Oklahoma|40|OK|||
166|:MetroArea|{"crs":"wgs-84","latitude":43.68023657220786,"longitude":-71.57124302589177,"height":null}|33-00000|Origin metro area suppressed|E330000US3300000000|+43.6726907||00000|New Hampshire|33|NH|||
167|:MetroArea|{"crs":"wgs-84","latitude":42.16009293868099,"longitude":-71.50397225652516,"height":null}|25-00000|Origin metro area suppressed|E330000US2500000000|+42.1565196||00000|Massachusetts|25|MA|||
168|:MetroArea||00-00000|Origin state and metro area suppressed|E330000US0000000000|||00000||00||||
